7.071067811865475727e-01,9.971832838500023222e-01,9.999999999999998890e-01,3.108624468950438313e-15,9.971832838499992135e-01,1.000000000000000000e+00,0.000000000000000000e+00,9.971832838500023222e-01
7.028801121827404907e-01,9.467713432313212829e-01,9.940225873711538984e-01,2.936941963282668766e-02,9.174019235984945952e-01,9.970036302857976374e-01,2.935837896184900764e-02,9.174129642694722753e-01
6.986534431789334088e-01,9.054505421960050704e-01,9.880451747423080189e-01,5.274850130818031779e-02,8.527020408878247526e-01,9.939917751513589472e-01,5.270933936996058389e-02,8.527412028260444865e-01
6.944267741751263268e-01,8.684715493901733474e-01,9.820677621134618063e-01,7.385848174809006572e-02,7.946130676420832817e-01,9.909641919847032021e-01,7.377677187577047491e-02,7.946947775144028725e-01
6.902001051713192448e-01,8.343151007987685830e-01,9.760903494846160378e-01,9.349032036006765800e-02,7.408247804387009250e-01,9.879206317972996088e-01,9.335292903746927884e-02,7.409621717612993042e-01
6.859734361675120518e-01,8.022481426936973747e-01,9.701129368557699362e-01,1.120196492853733350e-01,6.902284934083240397e-01,9.848608389435102861e-01,1.118142728064188685e-01,6.904338698872785063e-01
6.817467671637049698e-01,7.718363591820239789e-01,9.641355242269238346e-01,1.296676945995889341e-01,6.421686645824350448e-01,9.817845508909702756e-01,1.293826141535319163e-01,6.424537450284920626e-01
6.775200981598978878e-01,7.427923920937182789e-01,9.581581115980778440e-01,1.465806214182951983e-01,5.962117706754230806e-01,9.786914979534798720e-01,1.462045500317632474e-01,5.965878420619550315e-01
6.732934291560908058e-01,7.149072192306868967e-01,9.521806989692319645e-01,1.628623034913629919e-01,5.520449157393239048e-01,9.755814030150851135e-01,1.623842804998536504e-01,5.525229387308332463e-01
6.690667601522837238e-01,6.880382618379474735e-01,9.462032863403861960e-01,1.785903968042079626e-01,5.094478650337395109e-01,9.724539812403253380e-01,1.779997101024231032e-01,5.100385517355243703e-01
6.648400911484766418e-01,6.620612239418944833e-01,9.402258737115399834e-01,1.938251685513037170e-01,4.682360553905907663e-01,9.693089397697908227e-01,1.931112944423745148e-01,4.689499294995199685e-01
6.606134221446695598e-01,6.368929120527193621e-01,9.342484610826941038e-01,2.086147558877593511e-01,4.282781561649600111e-01,9.661459774000740186e-01,2.077673107407066455e-01,4.291256013120127166e-01
6.563867531408624778e-01,6.124519566229635892e-01,9.282710484538481133e-01,2.229984956801969176e-01,3.894534609427666716e-01,9.629647842471240615e-01,2.220071958548748281e-01,3.904447607680887611e-01
6.521600841370553958e-01,5.886824001889482405e-01,9.222936358250022337e-01,2.370091363896527081e-01,3.516732637992955324e-01,9.597650413919458501e-01,2.358637641400906926e-01,3.528186360488575479e-01
6.479334151332483138e-01,5.655171154215676843e-01,9.163162231961563542e-01,2.506743653057261767e-01,3.148427501158415076e-01,9.565464205074996062e-01,2.493647391144393488e-01,3.161523763071283355e-01
6.437067461294412318e-01,5.429129003125012787e-01,9.103388105673102526e-01,2.640178972160873716e-01,2.788950030964139071e-01,9.533085834655705693e-01,2.625338454740326899e-01,2.803790548384685888e-01
6.394800771256340388e-01,5.208380784636360561e-01,9.043613979384641510e-01,2.770602714999563787e-01,2.437778069636796774e-01,9.500511819222826615e-01,2.753916087467197515e-01,2.454464697169163045e-01
6.352534081218269568e-01,4.992554806758655594e-01,8.983839853096182715e-01,2.898194491944861007e-01,2.094360314813794588e-01,9.467738568808290456e-01,2.879559543346211781e-01,2.112995263412443814e-01
6.310267391180198748e-01,4.781356193792626885e-01,8.924065726807722809e-01,3.023112691088909454e-01,1.758243502703717431e-01,9.434762382298703676e-01,3.002426651594131135e-01,1.778929542198495750e-01
6.268000701142127928e-01,4.574464229792465919e-01,8.864291600519264014e-01,3.145498022824559925e-01,1.428966206967905994e-01,9.401579441818015415e-01,3.122657375697581728e-01,1.451806854094884192e-01
6.225734011104057108e-01,4.371646400622803408e-01,8.804517474230804108e-01,3.265476316246580524e-01,1.106170084376222884e-01,9.368185810115163825e-01,3.240376609707780187e-01,1.131269790915023221e-01
6.183467321065986289e-01,4.172764582525317345e-01,8.744743347942345313e-01,3.383160754960117256e-01,7.896038275652000893e-02,9.334577421729144397e-01,3.355696433213021246e-01,8.170681493122960992e-02
6.141200631027915469e-01,3.977514407247373374e-01,8.684969221653884297e-01,3.498653686118589068e-01,4.788607211287843057e-02,9.300750079240389656e-01,3.468717917973036524e-01,5.087964892743368495e-02
6.098933940989844649e-01,3.785782752132093587e-01,8.625195095365424391e-01,3.612048099912648080e-01,1.737346522194455067e-02,9.266699446690247477e-01,3.579532612562714711e-01,2.062501395693788764e-02
6.056667250951772719e-01,3.597389473138076221e-01,8.565420969076964486e-01,3.723428851304761977e-01,0.000000000000000000e+00,9.232421043093548274e-01,3.688223766230711576e-01,0.000000000000000000e+00
6.014400560913701899e-01,3.412247736705726897e-01,8.505646842788506801e-01,3.832873677813033453e-01,0.000000000000000000e+00,9.197910235555311065e-01,3.794867347639709898e-01,0.000000000000000000e+00
5.972133870875631079e-01,3.230243213164361582e-01,8.445872716500044675e-01,3.940454054207569445e-01,0.000000000000000000e+00,9.163162231961595738e-01,3.899532899478674874e-01,0.000000000000000000e+00
5.929867180837560259e-01,3.051391559863003700e-01,8.386098590211585879e-01,4.046235915533837879e-01,0.000000000000000000e+00,9.128172073211902049e-01,4.002284260457371623e-01,0.000000000000000000e+00
5.887600490799489439e-01,2.875720073598941329e-01,8.326324463923125974e-01,4.150280272884165900e-01,0.000000000000000000e+00,9.092934624957446088e-01,4.103180179174934494e-01,0.000000000000000000e+00
5.845333800761418619e-01,2.703248805741207961e-01,8.266550337634666068e-01,4.252643741096204799e-01,0.000000000000000000e+00,9.057444568806344298e-01,4.202274839092373648e-01,0.000000000000000000e+00
5.803067110723347799e-01,2.534043211567219567e-01,8.206776211346207273e-01,4.353378993583314482e-01,0.000000000000000000e+00,9.021696392953068022e-01,4.299618309848159958e-01,0.000000000000000000e+00
5.760800420685276979e-01,2.368167739205274125e-01,8.147002085057747367e-01,4.452535156456207677e-01,0.000000000000000000e+00,8.985684382185398222e-01,4.395256937096641003e-01,0.000000000000000000e+00
5.718533730647206159e-01,2.205686958541682174e-01,8.087227958769287461e-01,4.550158151738710188e-01,0.000000000000000000e+00,8.949402607217593619e-01,4.489233680680428940e-01,0.000000000000000000e+00
5.676267040609135339e-01,2.046750166546169869e-01,8.027453832480828666e-01,4.646290997640007969e-01,0.000000000000000000e+00,8.912844913293415106e-01,4.581588409096792880e-01,0.000000000000000000e+00
5.634000350571064519e-01,1.891352740806191146e-01,7.967679706192368760e-01,4.740974072396484384e-01,0.000000000000000000e+00,8.876004907996942750e-01,4.672358156758957826e-01,0.000000000000000000e+00
5.591733660532993699e-01,1.739496131257453337e-01,7.907905579903909965e-01,4.834245347045447172e-01,0.000000000000000000e+00,8.838875948202843391e-01,4.761577349393365521e-01,0.000000000000000000e+00
5.549466970494921769e-01,1.591156213284915522e-01,7.848131453615448949e-01,4.926140591572942817e-01,0.000000000000000000e+00,8.801451126090661381e-01,4.849278001984707043e-01,0.000000000000000000e+00
5.507200280456850949e-01,1.446334684912377877e-01,7.788357327326990154e-01,5.016693558136700037e-01,0.000000000000000000e+00,8.763723254139740293e-01,4.935489892930917666e-01,0.000000000000000000e+00
5.464933590418780129e-01,1.305053272100414885e-01,7.728583201038528028e-01,5.105936144464526816e-01,0.000000000000000000e+00,8.725684849012435018e-01,5.020240717460491275e-01,0.000000000000000000e+00
5.422666900380709309e-01,1.167325931613830692e-01,7.668809074750070343e-01,5.193898540038515144e-01,0.000000000000000000e+00,8.687328114223360487e-01,5.103556222865065495e-01,0.000000000000000000e+00
5.380400210342638490e-01,1.033147920584299162e-01,7.609034948461609327e-01,5.280609357273560178e-01,0.000000000000000000e+00,8.648644921480886927e-01,5.185460327688933280e-01,0.000000000000000000e+00
5.338133520304567670e-01,9.025601551587601745e-02,7.549260822173149421e-01,5.366095749566965889e-01,0.000000000000000000e+00,8.609626790574510524e-01,5.265975226674546317e-01,0.000000000000000000e+00
5.295866830266496850e-01,7.756315188323151255e-02,7.489486695884691736e-01,5.450383517821340007e-01,0.000000000000000000e+00,8.570264867667092279e-01,5.345121482977102101e-01,0.000000000000000000e+00
5.253600140228426030e-01,6.524239070719597966e-02,7.429712569596231830e-01,5.533497206813653424e-01,0.000000000000000000e+00,8.530549901834587612e-01,5.422918108919432267e-01,0.000000000000000000e+00
5.211333450190354100e-01,5.330280974528683186e-02,7.369938443307773035e-01,5.615460192591770205e-01,0.000000000000000000e+00,8.490472219677221988e-01,5.499382636352647680e-01,0.000000000000000000e+00
5.169066760152283280e-01,4.176063214191885753e-02,7.310164317019313129e-01,5.696294761918641036e-01,0.000000000000000000e+00,8.450021697804707133e-01,5.574531177511303781e-01,0.000000000000000000e+00
5.126800070114212460e-01,3.062990320322753895e-02,7.250390190730852114e-01,5.776022184648037516e-01,0.000000000000000000e+00,8.409187732973834040e-01,5.648378477097754091e-01,0.000000000000000000e+00
5.084533380076141640e-01,1.993628343822221455e-02,7.190616064442393318e-01,5.854662779800552386e-01,0.000000000000000000e+00,8.367959209628959005e-01,5.720937956195093488e-01,0.000000000000000000e+00
5.042266690038070820e-01,9.710713703121660878e-03,7.130841938153932302e-01,5.932235976010242773e-01,0.000000000000000000e+00,8.326324463923128194e-01,5.792221749568940981e-01,0.000000000000000000e+00
5.000000000000000000e-01,6.249386149542734969e-08,7.071067811865473507e-01,6.008760366928562746e-01,0.000000000000000000e+00,8.284271247461900689e-01,5.862240730671626210e-01,0.000000000000000000e+00
